x,y,time,intensity
37.454011884736246,18.513292883861965,6.280936409661743,0.001664506691159562
95.07143064099162,54.190094737835814,5.927491177727996,1.6997215225005644e-05
73.1993941811405,87.29458358764083,21.75010993250488,9.667100380965919e-06
59.86584841970366,73.22248864095612,5.989108796388146,0.020126639768176816
15.601864044243651,80.65611478614497,6.526793427087144,1.3480512163789221e-05
15.599452033620265,65.87833667107174,18.225558298031128,0.00035169441395991425
5.8083612168199465,69.22765645178525,10.793756218812959,8.788038380743609e-06
86.61761457749351,84.91956515653193,18.64105336692435,1.141462256006579e-06
60.11150117432088,24.966800885918595,1.5687877815452458,0.002965465275203629
70.80725777960456,48.942496364314046,11.701708648161222,0.11394025967938153
2.0584494295802447,22.120944181960223,0.8067264043987832,1.7103929616100243e-08
96.99098521619943,98.7668007996647,1.5036768829285085,1.213140296775004e-11
83.24426408004217,94.40593396866133,21.754498880265864,3.1028946894439795e-08
21.233911067827616,3.94268113685059,3.341888906822284,8.825105199211771e-08
18.182496720710063,70.55751725156884,12.77809637460521,0.0007564048329845391
18.34045098534338,92.52483174156659,9.866294462416956,7.196536526040058e-07
30.42422429595377,18.057534512733355,8.336239830212225,0.0006849784015821156
52.475643163223786,56.79452305526295,21.596000296494537,0.12207298237662174
43.194501864211574,91.54882975880419,0.523761522611748,1.015868769728539e-05
29.122914019804192,3.394597858579884,15.930952468214137,1.5950126589917008e-06
61.18528947223795,69.742026724684,23.12146642112521,0.0064219600380157876
13.949386065204184,29.734900737255078,13.444036403084207,0.00018534161118876784
29.214464853521815,92.43961953765304,22.483739088794202,1.5707229062004458e-06
36.63618432936917,97.10582451653677,1.2541891028645704,6.177386285818309e-07
45.606998421703594,94.42664891134339,10.051039657779874,4.3571952316560015e-05
78.51759613930136,47.42142166574638,6.243786983089228,0.008546858034879161
19.967378215835975,86.20426509893134,17.539703159537517,8.484223865377511e-06
51.42344384136116,84.45493985350704,23.55113017193392,0.0001814704861236876
59.24145688620425,31.910047324325564,6.156721498661947,0.06417557202014709
4.645041271999773,82.89154741506773,15.700190435377788,1.161412112257323e-07
60.75448519014384,3.700763471549262,4.754343186233763,4.345446132208342e-06
17.052412368729154,59.6269878482053,13.567926109718638,0.002631292853081198
6.505159298527952,23.000883728770305,11.13437968052007,2.0072333916057668e-06
94.88855372533332,12.056688577727881,23.32812791115689,2.4189910005858276e-09
96.56320330745594,7.695320162920916,14.604654544715197,2.222187651238523e-09
80.83973481164611,69.62887758781397,8.38815293008365,0.0009655437168178117
30.46137691733707,33.98749637680661,2.738298837310401,0.007399280673467185
9.767211400638388,72.47667715287615,3.6299238896384294,6.019207490279438e-06
68.42330265121569,6.535634079894237,5.407606318829642,6.070685565491475e-06
44.01524937396013,31.529033783061035,6.023199872167152,0.07431726685045902
12.203823484477883,53.949129237533725,20.41478538818731,0.0001774351856108059
49.51769101112702,79.07231648389636,13.469346918780598,0.013977021127954826
3.4388521115218396,31.875250293206992,12.561381872984795,3.769612996282876e-06
90.9320402078782,62.58913764370091,2.7544529248612193,1.8846292922837694e-05
25.87799816000169,88.5977748236187,20.64335264038644,7.121110555269768e-06
66.2522284353982,61.58631881823046,17.34754327700361,0.07701054285096451
31.171107608941096,23.295947475363377,1.624040685600038,0.0005578732993597261
52.00680211778108,2.440078155653802,16.98804233351445,7.3011518884476345e-06
54.67102793432797,87.00988739009298,13.044917216223507,0.0009306862201989708
18.485445552552704,2.126941085038714,1.9614082979226781,9.804238677146568e-09
96.95846277645586,87.47016726841994,10.999215396687756,1.4263176316085167e-08
77.51328233611146,52.8937134027212,11.632710891121128,0.021721137013289864
93.9498941564189,93.90676985128962,3.978588963918618,1.149603339932753e-09
89.48273504276489,79.87832357736654,22.696755528006776,4.814735653810789e-07
59.78999788110851,99.79341105333374,20.399408915535886,6.239843077064576e-07
92.18742350231169,35.071181545171015,16.0565360958986,3.223843082956857e-05
8.84925020519195,76.71882889311269,11.095093464014573,5.828346323933592e-06
19.59828624191452,40.193091360924214,9.882372998028204,0.005561512558570093
4.522728891053807,47.98756203039088,15.6233632116229,2.4331574479582616e-05
32.53303307632643,62.75054632183701,13.090364865765732,0.0942188759442247
38.8677289689482,87.36771141863387,1.4945545411652548,5.497377741780439e-05
27.134903177389592,98.40834691992951,12.30006357048796,5.961912786342303e-07
82.87375091519293,76.82734138645182,19.353686813588148,4.1763704019276436e-05
35.67533266935893,41.77667821673337,11.021757062326994,0.2507660712867501
28.093450968738075,42.13570022770702,1.246957861302442,0.006596086162229748
54.26960831582485,73.75823015888915,18.870676785216794,0.021119906082508372
14.092422497476264,23.877714576830233,4.832730771263385,1.871781988015129e-05
80.21969807540397,11.047411313139467,6.206900037312931,2.695648560159435e-06
7.455064367977082,35.462215764077655,3.9529524823751014,1.11709592956454e-05
98.68869366005173,28.723899165408174,7.925161556915941,5.310588719036074e-07
77.22447692966574,29.630812045599008,18.16203613652724,0.001444786676500322
19.87156815341724,23.360775104990992,12.465260628094496,0.00030622730905060114
0.5522117123602399,4.209318963636188,4.917150579617101,5.031658860752257e-11
81.54614284548342,1.787393473341381,21.06792187564898,1.1949015756094176e-08
70.68573438476172,98.77223897360315,21.1099645188367,1.5297618544346517e-07
72.90071680409874,42.77731337358623,20.893882201104166,0.01150385625423712
77.12703466859458,38.432664715968166,5.731109073156943,0.005890725308884689
7.4044651734090365,67.96472826930699,10.829744260343714,2.2254969751151e-05
35.84657285442726,21.825388786506416,23.639751747381002,0.0004618282451280381
11.586905952512971,94.99611839502253,18.52829943143977,1.069535615457927e-08
86.31034258755935,78.6345014415552,0.6520181094134356,1.7299602649707224e-06
62.329812682755794,8.94110023122595,1.5649101902518092,1.1569830789270954e-05
33.08980248526492,41.75807757849284,11.134353043495986,0.1678965573943978
6.355835028602364,87.91183075621647,21.821284940677444,8.032636798865902e-09
31.09823217156622,94.47320222914102,12.928843150865141,8.352349263516008e-06
32.518332202674706,46.74015112498697,11.947500192822964,0.20572154602463344
72.96061783380641,61.34113892107077,2.531368798959134,0.006268886366491231
63.75574713552131,16.70339460920752,15.762722513383057,0.0011447326493159004
88.72127425763266,99.11686261369765,19.730475854405412,9.695185533018913e-10
47.22149251619493,23.16717013834434,9.130080180181496,0.02229633181707375
11.959424593830171,94.27317741351257,18.61468442220786,1.664627985341061e-08
71.3244787222995,64.96466489923685,23.14743969361948,0.002798473536260771
76.07850486168974,60.773679487885914,4.890395019064538,0.0067938832929947636
56.127719756949624,51.26885110165086,12.559911148673791,0.8170420860158812
77.0967179954561,23.06698117177587,6.891310994029813,0.00040159268121134
49.379559636439076,17.652803200550828,19.028506056812144,0.0019860086002150743
52.27328293819941,22.048620907017536,13.86224078114778,0.018286433056317025
42.75410183585496,18.643826214425452,15.229978021207291,0.004574679974038355
2.541912674409519,77.95844735667534,19.149939830781456,9.286147710623275e-08
10.789142699330444,35.01252591667301,9.503291343898917,0.0001316650144187505
3.142918568673425,5.784267656339637,21.962161641769036,1.3335869990775713e-10
63.64104112637804,96.91026301408114,12.792692813907358,6.48628160764477e-06
31.435598107632668,88.37858849634257,3.790915748048352,2.9369711137962962e-05
50.85706911647028,92.77522831952129,16.701578836051258,6.81110908170178e-05
90.7566473926093,99.49078226464353,19.038272410518104,4.4056868846719996e-10
24.929222914887493,17.38952492194873,7.60228024962064,0.00014385085527295348
41.038292303562976,39.62420189026587,20.572302167970072,0.08985713619923359
75.55511385430486,75.82384757040913,21.747438114378394,0.00020348348053602535
22.879816549162246,69.60206180537922,6.645707697067414,0.0020868598468726726
7.697990982879299,15.389590633985506,23.60451534516533,2.2049022992577125e-08
28.9751452913768,81.58331249906178,3.377076673170202,0.00016912933266678029
16.122128725400444,22.444057183666068,4.848376041659759,2.598177472621752e-05
92.96976523425731,22.38176148226231,4.421396141712627,6.845228269851391e-07
80.8120379564417,53.69744228934136,21.45575304018889,0.001355629816112057
63.34037565104234,59.293993484170315,15.703021255799085,0.20271240767360527
87.14605901877177,58.00862078378112,3.650502797334549,0.00018152437637722885
80.36720768991145,9.148683739775487,10.567762040840375,2.269359722548914e-06
18.657005888603585,87.74608626303804,14.76715260167525,5.0866341636735615e-06
89.25589984899777,26.560004258870606,2.003138039745199,3.913649092162813e-06
53.93422419156507,12.951492128280417,21.17799284177613,0.00017954919340332933
80.74401551640625,88.87480798689772,19.286484850596842,1.6022796523885952e-06
89.60912999234932,95.56514982297534,12.124962565839319,1.215357345885547e-08
31.800347497186387,86.21276172654507,23.211038766220092,2.1950840671593314e-05
11.005192452767677,80.95160747248781,10.026263502602394,3.836700447867948e-06
22.793516254194166,65.52419806390218,23.618647656875947,0.000497543840229925
42.71077886262563,55.08573706091393,16.03007997128705,0.48684074450789633
81.80147659224932,8.698675991141014,15.232110558094595,1.0211336106001444e-06
86.07305832563435,40.845321307069874,3.98291748709884,0.0002716922312521268
0.6952130531190703,37.2688517012314,21.166266199311455,4.359974312925471e-07
51.07473025775657,25.97537837603262,10.259752510094764,0.052221725517258975
41.7411003148779,72.3420113688585,3.8936017387795046,0.015746324036393478
22.210781047073024,49.58757350787708,0.302580479418217,0.0013622106827162854
11.98653673336828,8.104621590764793,13.434136407321182,1.0786713997059307e-07
33.7615171403628,22.018320194981133,12.657590930944231,0.00528986703750021
94.29097039125192,68.32587636595959,17.264486936859804,5.891879753170119e-06
32.320293202075526,7.613085949030019,21.366193272427253,4.548904585374079e-06
51.87906217433661,85.12069140487687,1.9057580314327085,0.0002684506082111884
70.30189588951778,49.51465270139743,17.555915768168695,0.0686059033008065
36.3629602379294,48.0586577326648,4.497886658341973,0.12564153233159991
97.17820827209607,59.24077846595176,20.596249275771935,2.1852361786680058e-06
96.24472949421113,82.46809659251491,19.657524332679746,3.611653331884548e-08
25.178229582536417,34.780920790219305,12.979050119653065,0.014152357287806247
49.72485058923854,67.80161525590636,17.045827166959477,0.12318432100340079
30.087830981676966,56.5731963995791,7.544402716409961,0.07460454321069047
28.484049437746762,26.70282701694213,11.30802957438755,0.006486394501538866
3.6886947354532795,87.8629986355158,19.71928554505132,5.154139331511255e-09
60.956433397989684,79.74260216069281,11.022364732157133,0.006457942600506755
50.26790232288615,65.84518346584255,8.587158367810602,0.22567535071405492
5.147875124998935,85.05817290942419,11.861098734007196,9.173802841800507e-08
27.864646423661142,86.72942009598023,19.87798205849324,2.934545382371342e-05
90.82658859666537,70.83629767150347,8.044993136900946,2.0042615601499964e-05
23.95618906669724,83.7013328363672,4.170278235257851,3.3754714123998836e-05
14.48948720912231,69.74714616692836,17.08833648793874,0.00015492725615523089
48.9452760277563,68.01407717603004,19.823477104993962,0.05771529999526998
98.56504541106007,61.86113782151843,2.4152994845648,5.956689302320034e-07
24.20552715115004,75.27166395576413,5.756978706142673,0.0006758324006272529
67.21355474058785,15.86051052930737,3.4073277542638536,0.0001528984829249549
76.16196153287176,88.08707591989284,8.350593877971999,1.7703800609290008e-05
23.763754399239968,87.1843527745232,10.808423493729904,3.093938890995554e-05
72.82163486118596,2.9247283034559146,17.971832087119356,5.586198299239167e-07
36.77831327192532,82.58167505647627,15.627542037160179,0.0015883270734238482
63.23058305935795,12.886986747344519,14.902285619482349,0.0003595757692113888
63.35297107608947,33.51188542591419,8.456998718631706,0.08193279381127479
53.57746840747585,74.35082562916078,20.19474127403424,0.012627470546560484
9.02897700544083,16.07598960483082,11.31089201755595,7.1084358181702e-07
83.5302495589238,81.79670241190622,23.49851851236371,1.6399281003182513e-06
32.07800649717358,83.21341779577419,15.219411319097684,0.0006562708003490922
18.651851039985424,50.746773376083624,3.0303537975480657,0.0014657156926235683
4.077514155476392,0.638587171683358,16.228261489810414,9.428652634371154e-11
59.08929431882418,28.703813317491278,7.8024963703607755,0.048166335932768534
67.75643618422824,61.69269183757422,16.471852720466337,0.06994824434240662
1.6587828927856152,98.11861780274235,1.6713875558977378,9.35623683639535e-12
51.2093058299281,63.18135270166684,4.197154492223025,0.12322536571334146
22.649577519793795,25.98035810641598,20.537694213738874,0.0003088087259955979
64.51727904094498,63.40057030996113,5.452309368564357,0.06026050113965943
17.436642900499145,53.99853797158555,20.08898700583056,0.0012427397347788364
69.09377381024659,77.98453951511436,6.70262612290585,0.0018367149599936587
38.67353463005374,10.698063882695841,15.429165841408985,0.00018413551643351955
93.67299887367345,76.1027902502028,16.659613764235942,1.549354049787259e-06
13.752094414599325,54.12665786761103,12.30371407548127,0.0012855808142677077
34.10663510502585,96.29920038589947,7.327456240721551,4.046216447687969e-06
11.347352124058908,34.187216603868606,5.103465032906307,6.304886963296877e-05
92.46936182785628,63.26218931339481,0.7965445094982293,4.085730193033383e-06
87.7339353380981,93.20281055100175,7.294713629777371,4.600765806941512e-08
25.79416277151556,10.250972799067926,15.675906972750791,1.5115581810596014e-05
65.99840460341791,93.72284872364511,22.519315642763583,2.1472936339186172e-06
81.72222002012158,68.78857223008133,20.908907574313247,0.0002285121604142297
55.52008115994623,6.78370591051719,18.38555463684726,3.3428457004550826e-05
52.965057835600646,30.096356694681624,18.922736238079167,0.05062962172397649
24.18522909004517,70.81720886452815,15.959637683423885,0.0029903419849157246
9.310276780589922,6.73506014687717,6.246884581584072,1.1288179494295902e-08
89.72157579533267,58.217046017627325,21.77268073693992,3.959835740151195e-05
90.04180571633304,34.588305695295674,16.097575485740016,7.190713025802866e-05
63.31014572732679,62.091551776747714,13.450575143530559,0.19034608129552685
33.90297910487007,4.5742033812512854,2.6637472611235458,1.582669301920506e-06
34.92095746126609,87.15368061523763,10.72933305135421,0.0003124208422709706
72.59556788702393,97.3488969177397,11.048598508846231,1.0356389970831983e-06
89.71102599525771,96.88778552856915,20.74952662854408,1.3703023728939612e-09
88.70864242651173,74.96518317429248,13.119557284506923,2.4103222386718367e-05
77.98755458576238,13.008624013063198,9.129613175289832,1.803659233805156e-05
64.20316461542878,75.82631959290225,23.443207884255823,0.0009466477692991013
8.413996499504883,2.458691645880151,2.657294239831576,3.7896341181796043e-10
16.162871409461378,2.2123551528997254,10.141162279486672,3.348538004800499e-08
89.85541885270793,32.36102191495412,1.008592204113727,6.694925505579078e-06
60.642905965958995,48.864319040466576,17.75769889840633,0.2905940434995497
0.9197051616629648,77.04074178077931,22.033837252779616,2.027366492051295e-08
10.147154286603211,68.32953766065052,6.720895909211746,3.7978698865753437e-05
66.35017691080559,44.590270637674834,20.6002002431789,0.051703170810203695
0.5061583846218687,27.362666628166586,7.013237531085546,2.248567962218228e-07
16.080805141749867,99.71245001577111,21.858483879453964,1.9547736699812477e-09
54.87337893665861,42.6181302235973,18.095085686322815,0.32167598148292725
69.18951976926932,45.13870243296755,19.317762644194527,0.048299096843660794
65.19612595026005,16.362382119166917,0.432157334410908,7.572837887709587e-05
22.42693094605598,79.48095487499293,23.107448569776622,2.455702825048816e-05
71.2179221347536,69.36822257814886,17.44010380968776,0.008928240669748068
23.724908749680008,22.07696127887604,7.3140262892672,0.0004140393457862621
32.539969815926774,8.238104561584269,19.905471956612327,1.018624211571024e-05
74.64914051180241,68.0499302074713,6.756508761958319,0.005424744108575821
64.96328990472146,65.45112142811352,20.94609214958707,0.01996374728933111
84.9223410494178,27.32595269982093,2.7019293698864884,3.050884319473513e-05
65.76128923003434,95.08635622504103,16.888463459059096,6.9004061965291415e-06
56.830860333547164,15.105789178090024,12.976763439477848,0.0017635713580367854
9.367476782809248,43.23348010426019,2.3168272846905795,3.1699319342239734e-05
36.77158030594335,94.36159201675989,5.805451878212136,1.031245471092793e-05
26.520236768172545,41.97273169261223,0.29769687065555495,0.0029748562510443287
24.398964337908357,63.85259476640856,11.25043117114814,0.014296019855316384
97.30105547524455,39.75943979627943,7.230366258240009,5.2029606824015126e-06
39.30977246667604,27.421520234867003,14.360579623146212,0.03948674277979252
89.20465551771133,98.39776479598282,7.1337073850068125,2.346456934730813e-09
63.11386259972629,40.9334006315043,7.198058676167633,0.1769203068617961
79.48113035416485,89.40992036791344,17.83663676955848,2.780941753384016e-06
50.26370931051921,22.995460589108617,1.1554280634804828,0.0024820554125060427
57.69038846263591,21.31047040250833,21.669479884607693,0.0018712797181107649
49.25176938188639,3.113408288451136,20.454332985388355,4.020611383403763e-06
19.52429877980445,65.1666825375885,16.027312397433757,0.0022020467213383303
72.24521152615053,36.852634372376116,14.237317682577224,0.03210880131360023
28.07723624408558,86.4358249839637,21.415259955351654,2.0119381267150092e-05
2.431596643145384,47.32099066915572,4.447924308689147,3.7628745317482008e-06
64.54722959071678,96.81934279147217,1.8952598925798867,7.827290875615366e-07
17.711067940704893,18.552551570312115,5.7482440778289146,1.774734246477712e-05
94.04585843529144,86.86231679556109,19.069878688804565,2.526100542725927e-08
95.39285770025873,77.65968527917417,0.8320864014355998,6.039892787394813e-08
91.48643902204485,77.0921844644052,13.987364042003751,4.3101074419829316e-06
37.01587002554444,84.47832281168877,23.890500388591438,6.676097429226223e-05
1.5456616528867428,76.10239909429988,20.536706252100945,6.155727539064857e-08
92.83185625877253,62.62203216314154,12.514696537046147,4.656244313892916e-05
42.81841483173143,13.124487768238758,1.5273818228794163,9.60724975112376e-05
96.66548190436696,3.2526179491251916,19.952964345257037,9.473690499026232e-11
96.36199770892529,92.08478478156869,14.375484196253053,2.7389855791091976e-09
85.300945546736,61.665031452073805,2.758391929429604,0.0001805875292823883
29.444889206958567,79.65372909761763,2.252574835760549,0.0002227351652145618
38.50977286019253,48.152235151255006,21.831043666478216,0.07352085549748585
85.11366715168569,11.730818896239448,16.060806310513883,9.982099881606955e-07
31.692200515627768,12.518579220255043,19.902883183602132,4.776232637295997e-05
16.94927466860925,68.55652872289714,21.095493606774415,0.0001451074442828011
55.68012624583501,43.030589489946266,13.722536449159733,0.629062148758644
93.6154774160781,20.052472670033673,12.418712442120992,8.320879278133511e-07
69.6029796674973,49.15945467414369,10.330257847703765,0.1379757383210767
57.0061170089365,6.420893707513409,7.606718106986863,3.99796725287077e-05
9.717649377076853,58.19714019143988,10.430303060609083,0.0002037568137342758
61.500722669916975,26.899340443509768,18.573111737523753,0.01509108015893037
99.00538501042632,79.75591006371882,14.446162344363158,6.464313509875105e-08
14.008401523652402,31.036195892357377,21.420558958916306,4.318385939925319e-05
51.832965236373674,45.52201490818012,10.641120345100505,0.8572791890943623
87.73730719279554,1.1620539908100636,14.570149889250096,4.687530064717307e-09
74.07686177542044,7.244688779455888,15.15138127420773,4.846839905269712e-06
69.7015740995268,39.24935564066848,14.200731895351812,0.07313075335221289
70.24840839871092,47.99388347171235,16.863210554052394,0.07862000708344308
35.94911512197552,60.00205481193037,5.698403240995351,0.1021263235443107
29.359184426449335,29.166257870930323,12.296730661098977,0.013538722379625391
80.93611554785136,69.49818861265426,2.501395267400344,0.0002053935097343422
81.01133946791808,86.01223971892045,9.228271863475502,1.0686038697660526e-05
86.70723185801037,77.98509888933498,11.704009646910347,2.3590054402006757e-05
91.32405525564712,3.9618825348357145,15.653382229091338,3.7448920451907935e-09
51.13423988609378,48.0506947257829,22.812745262068884,0.09406768920766848
50.15162946871996,10.493017841817487,14.415625597160542,0.0003631015196918417
79.82951789667752,24.204501586252746,17.846253988237436,0.00021185402204916762
64.99639307777652,98.66625932671465,12.150385427884867,2.3363157702113354e-06
70.19668772577033,14.249554290151323,15.218496753031951,0.00017738691605771536
79.57926694361011,49.888815345135605,1.7023731872105623,0.0015101454107923748
89.00053418175663,61.81557343181191,6.105397940204328,0.0001236353712410598
33.79951568515358,70.2464970544104,8.684474236923329,0.027827350896069088
37.5582952639944,55.96486834869141,11.339840520156326,0.38266529833667295
9.3981939840869,0.9770847419183659,1.0955698920572097,1.4754376381078147e-10
57.8280140996174,32.64613082439919,3.3605783412796244,0.03670049513918414
3.5942273796742086,51.771164338471145,6.643543386991339,1.1687433806772797e-05
46.55980181324602,8.786649914483336,23.316784581625214,1.4913134704785001e-05
54.26446347075766,35.06269312091808,7.952328170473218,0.21562448658436462
28.65412521282844,3.3203108791366565,11.568985394689982,1.8938207549249484e-06
59.08332605690107,7.857849715502074,4.7063451057214305,3.17923059528081e-05
3.050024993904943,39.69232762015961,14.658721705818438,8.342752692526604e-06
3.7348188749214417,13.271575404306034,6.736397172383383,1.5209720854159004e-08
82.26005606596583,56.75408482615582,4.967821882522243,0.0016275572992164083
36.019064141126286,68.94649691372658,12.397743082703498,0.06232793522864219
12.706051265188478,80.05866991090829,0.1321391798500997,6.229910687307304e-07
52.224326005480435,20.01502442448101,0.18393678358140786,0.0006670677580651316
76.99935530986109,16.748258225906977,5.257651418444587,4.18088349344381e-05
21.582102749684317,10.456784033440025,0.8813127000197074,5.98572483287036e-07
62.28904758190003,63.64302495436367,2.592618099136593,0.03156391357383152
8.5347464993768,70.64757264869012,8.132655584130038,1.6247450116828107e-05
5.16817211686077,3.1586144825642037,19.262056309915508,2.588453906811373e-10
53.1354631568148,93.62122462436898,13.72916744086322,6.618794340113383e-05
54.06351216101065,5.1971283651472415,12.304025422953995,4.023007055493922e-05
63.742990149820656,54.12963353010704,7.043731756994919,0.21851291586402502
72.60913337226616,70.90605194509165,22.362089266387592,0.0010193017161145579
97.58520794625346,87.09691237460856,9.528360989692601,1.1005787094021808e-08
51.630034830119534,71.40869321324278,2.090226403098516,0.013995519335354669
32.2956472941246,80.17280830697918,14.80959638682723,0.00187886207160835
79.51861947687037,33.94501925428061,2.7321214434384338,0.0006340213229927493
27.083225126207424,81.48251137465122,8.28535542724061,0.000386798314712531
43.89714207056361,8.011484638467515,12.177886529227413,0.0001231589995383978
7.845638134226595,89.48166560605276,20.98134059244422,1.1370423378252286e-08
2.535074341545751,54.75923761537362,11.845117928162848,1.1440769373628904e-05
96.26484146779251,81.72977699624937,16.85421038475994,9.146232568979907e-08
83.59801205122058,45.23182845183001,23.827604135977687,0.0001924539294366576
69.59742060936979,64.35776951965249,3.155738877551559,0.010938776816084293
40.89529444142699,52.640266093611324,6.593556612468468,0.35560811898254724
17.329432007084577,73.15895217553319,9.469825814343514,0.0002897329206992222
15.643704267108605,8.162998203058958,10.123876284931953,4.0319493466599856e-07
25.024289816459532,6.03520839905638,9.8645058063731,2.5621810041008832e-06
54.92266647061205,24.710323401014644,21.782664061357316,0.005337423350683344
71.45959227000624,15.954468011318834,17.136783467204555,0.00017941793670305276
66.01973767177313,87.17835665922017,14.58972513817689,0.0002415474749400098
27.993389694594285,21.92139873580443,7.42494522870677,0.0011338727950508324
95.48652806631941,97.58652558191314,19.770969221311073,1.1625122717159991e-10
73.78969166957685,33.68957917711069,22.921452275639734,0.0014366249774844188
55.43540525114007,18.211791568869927,19.708758781205436,0.0016804925122757245
61.17207462343522,78.96985071424791,0.0375625245953497,0.00046089711578505086
41.96000624277899,65.87077755008761,15.273632884401769,0.1658040112050816
24.773098950115745,49.8195716453139,1.2272491546104174,0.004073760825664986
35.597267865126156,55.53635509376312,6.1825732880093245,0.15454056285474804
75.78461104643691,71.92017782722638,1.4285928083465205,0.0003485270145235208
1.4393488629755868,22.845474133129873,14.491090870785307,1.6760828045517328e-07
11.607264050691624,99.63339160567419,16.478157923822565,1.886662111896419e-09
4.600264202175275,97.4793162146783,2.747703313581723,7.684680101974425e-11
4.072880231897013,65.03256863469369,9.212133193079508,7.269403811776127e-06
85.54605840110072,19.954245092914512,10.949676214933008,1.9338514511309297e-05
70.36578593800236,68.02282424312914,8.857272522261997,0.020333777227737704
47.41738290873252,7.219840897917584,2.904600011644633,1.9627368019491736e-05
9.783416065100148,3.0652502205806065,10.05474696449941,4.69436967093922e-09
49.16158751168324,25.76828885112137,18.028273147402036,0.02557358371705656
47.34717707805657,46.26229567393163,1.7041839487981312,0.10805487504547909
17.320186991001517,86.82725054083805,1.9243203379656828,7.146526499620117e-07
43.385164923797305,72.7169069766308,8.514511004063621,0.04773730080439922
39.85047343973734,74.2706521199981,22.6014170788542,0.003318680216515772
61.585009805221645,42.54933344480754,16.045743521349937,0.2791557988141869
63.50936508676438,34.59349925469629,16.288078960141554,0.08483318546716669
4.530400977204452,37.10387629846027,8.68607978010876,1.1323690147239973e-05
37.46126146264712,98.76495637360578,14.247858989004921,2.824265938732332e-06
62.58599157142364,4.010919141248248,0.24314841666584108,7.290781614047087e-07
50.31362585800877,86.70314961224486,15.266305113829013,0.000959140732028865
85.64898411883223,57.86754085723934,21.91888674182968,0.00017840976136025585
65.8693631618945,43.86154191895905,14.70176324027566,0.2031974188203897
16.29344270814297,72.52576604151365,20.96876624319228,5.400218443966706e-05
7.056874740042984,48.666894142470284,17.37535333118625,5.504638523263343e-05
64.24192782063156,87.34232380816606,2.893401993688566,6.474780081677396e-05
2.6511310541621813,90.07018640112585,21.658879374860202,6.836635817008073e-10
58.57755812734633,42.17209268734554,1.5946522645385972,0.05844445800622455
94.02302414249576,27.682779723505156,12.815219341146332,5.062163843170271e-06
57.5474177875879,59.23503285933622,3.411290971042984,0.11230182215964571
38.816992620652194,91.2363345616691,0.2809586575416976,6.967923408491538e-06
64.32882184423532,21.066218900566657,10.128822243063336,0.005080120766557653
45.825289049151664,62.296658356348274,7.08097698369975,0.2652411571131443
54.56167893159349,63.156022009252055,11.664011851142472,0.3784365295349573
94.14648087765252,73.3113022415281,13.852797281629218,3.615428824561491e-06
38.610263780077425,13.15676851272598,1.0497377354147366,5.360255295923128e-05
96.11905638239142,71.58249646820886,2.9520790829698953,4.558258376212767e-07
90.53506419560637,90.9032520665641,13.40741751481021,6.051020696139048e-08
19.579113478929642,17.968310887024195,8.236016476143798,4.359148782034782e-05
6.9361300875165455,23.754332492387764,17.50016370118675,1.6385550221033856e-06
10.077800137742665,97.13950940416396,15.654999566206552,3.961047287456103e-09
1.8221825651549728,18.097695270948975,20.294504711757764,1.4196478907898945e-08
9.44429607559284,85.4385093369579,16.619827840061408,3.2804287862692045e-07
68.30067734163569,49.227785644803475,10.318345857363555,0.17655642876751743
7.118864846022898,24.723107440317705,16.151198937466376,2.9514490636306952e-06
31.89756302937613,87.07499012725114,6.609148182130045,0.0001125074346753206
84.48753109694546,44.53052550026655,7.351523970677104,0.001460916427316726
2.3271935735825866,51.48173539296902,18.93564383809904,4.38849957961595e-06
81.44684825889358,35.92333693997657,10.714068393637973,0.0025584441899445666
28.185477477339994,59.29508514349274,19.16112817244046,0.021558283791340917
11.816482762165625,16.352387258502276,19.73813696803868,7.169287067534117e-07
69.67371653641507,39.10815366517607,20.581496103870812,0.018292233606578327
62.8942846779884,96.94123223352875,21.999245660188976,9.676381996270985e-07
87.74720135270529,25.813343270112753,10.34364529231911,4.091155211452405e-05
73.50710438038858,65.67366645412922,7.652803639707332,0.012661350337455333
80.34809303848486,32.51900642246949,13.972769918258733,0.0020076390271692867
28.203457257130648,77.34731256866006,8.908138162503061,0.0018252905597617704
17.743954377972283,13.087366071834982,14.425780003205592,5.380854938550337e-06
75.06147516408583,96.98210450785447,16.93406070345179,4.281134923634672e-07
80.6834739267264,45.37895413836392,16.521720443811283,0.005390768632602527
99.05051420006733,23.605046334646396,8.989269288482912,1.5274093289369241e-07
41.26176769114265,7.349674733001265,4.004644840770068,2.1326740954928875e-05
37.201808579278314,16.975790508754073,10.33270412309298,0.001786390649648956
77.64129607419969,51.977394855601766,3.4222594579658097,0.004935460232835635
34.08035402530179,33.70031764312863,21.3623288444114,0.012924405028077334
93.07573256035647,82.88833658826094,8.301059057708578,3.185614714221123e-07
85.84127518430118,43.08875236618059,3.707033933359771,0.0003231876391952759
42.89940273750184,24.871427258762992,0.6107462377380211,0.002469794641965872
75.08710677914974,61.714498660403,15.499737270875622,0.016942580893610757
75.45428740846823,70.67772168854458,15.285655618913838,0.0037225168554252904
10.31238688359326,16.704190790094987,8.174499997951,1.109859935969192e-06
90.25529066795667,16.761921628831765,1.7210853323436242,1.4603593173447684e-07
50.525237244785714,3.667142693354297,9.831093477485568,1.981382142789874e-05
82.64574661077417,73.64020150656405,7.469219881521446,0.00019674956829115493
32.00496010306117,66.38045276218051,16.250895353640225,0.03607678504374641
89.55232284962005,47.46308757498139,14.538701986864568,0.000341210491897737
38.92016787341631,84.41704489691972,8.75024947674096,0.0011735805945878894
1.083765148029836,80.56701529500532,5.229421302119762,2.3825318986278578e-08
90.53819764192636,58.535436439675216,23.712863187734204,1.2069620107618733e-05
9.128667678613356,86.82712805132586,10.896038908706757,2.6122324954616974e-07
31.93136375904149,20.584121003676824,16.51858165872569,0.0017169610747863582
95.0061967050805,11.191961939772789,3.3732712218806586,4.839198215346844e-09
95.06071469375561,26.974961151698963,11.654152791825547,2.745645600499601e-06
57.34378881232861,5.708685608931486,0.6608812768671717,3.208294432751214e-06
63.183721216979926,53.1169528001032,12.1309228298508,0.3993279319080253
44.84455219783198,93.66056922949615,23.136417770824856,5.317454998839961e-06
29.321077169806454,3.9343540668509647,9.220961111659205,2.4911426276563115e-06
32.8664545369916,12.21099140100268,0.9359043017978781,1.5790184778454127e-05
67.25184560770384,45.21990282834353,0.7429389820642447,0.015973790646826313
75.237452943768,93.38750175279048,9.311682238724867,2.9269116216120813e-06
79.15790437258485,31.61561049767505,3.840598475116657,0.0006944693780966879
78.96181427945538,50.723480868839246,0.5604503118764619,0.00109849249746006
9.120610304869036,4.15728590503921,18.149126734804245,3.0151089265612898e-09
49.442030470258146,14.834320096208886,11.004552213165375,0.0020203183289688297
5.755876001664428,98.66301229588468,6.941874527343709,2.425413180410369e-10
54.95288823237355,96.51186964360456,21.601996392395538,2.8070055249189872e-06
44.1530501373377,0.49399809344096157,2.7873350448126146,7.355707202762566e-07
88.77041827582998,95.18117854232389,22.942051894927662,1.8335880031639614e-09
35.09150125520787,63.91199378155004,7.535201217056468,0.08393411841497062
11.706701642760587,86.79182945200222,21.32168813540835,1.3233166376595119e-07
14.299168205283586,45.47398556338591,14.470629035507077,0.001364112637446542
76.15106317174723,51.55960285792502,19.840976633795698,0.00945538723746693
61.82180633162611,48.88465802569202,23.616315917051143,0.033247643951068134
10.112267612279025,66.68642575461044,6.921730507649897,5.205985632325708e-05
8.410680611499743,13.96512547563129,23.067251649782232,2.2935050029929713e-08
70.096913145912,2.9973589872677953,9.347565477658089,1.8388336398253322e-06
7.276300636419353,30.79299415911909,9.252285713686135,1.478176133487428e-05
82.18600592903562,70.46807627366466,8.169290502108137,0.0005167805068312034
70.62422271564962,20.185345212294838,12.993782576342046,0.0013725113845586884
8.134878064189976,67.34324333249174,3.6994810362836903,8.759647257007845e-06
8.483771408519193,96.99120461072704,13.289075648592268,2.8043696226326875e-09
98.66395785011754,9.39007157894184,13.000915497840097,1.8524216817986916e-09
37.427079575612034,67.26021182251263,18.28564350251688,0.04641407683969063
37.06421470668909,44.375021930457116,20.007599086502054,0.10255998215655335
81.27995672575025,86.81422543775054,10.570592407498177,8.215577111150477e-06
94.72485773838586,17.71497894473859,7.25599798443585,1.5758694113707073e-07
98.6001063822871,69.26259522261645,6.224037535610267,5.964177913873476e-07
75.33781852589416,83.81152896481102,4.670972080916926,4.538106103726453e-05
37.62595855309158,94.46142194740233,1.3835419727765972,2.488430574799896e-06
8.350071669866876,68.32480282896458,8.218751492033121,2.3974220549133692e-05
77.71469159274368,49.71747640084273,6.485944611138798,0.011690065680971893
55.840424973580504,61.78472402012139,23.19401726079378,0.034352795898151794
42.42220092469763,86.89049844787182,13.385011830001055,0.0008006995874077192
90.6354385094736,57.060974663882966,8.334648936732181,0.0001546761319005117
11.119748230615134,3.038705969683686,13.931222423848704,7.873383254951254e-09
49.262510429085914,93.09486955069778,3.340720832296692,2.0641216577518473e-05
1.1353644767419069,68.95267510315611,10.65704998085287,1.0456699400393186e-06
46.86606419941263,67.65133857772466,15.029623714105533,0.16687188228812033
5.630327568183735,21.567515239771716,11.733547963018832,9.312016011742247e-07
11.881791626807193,65.88854702326572,9.642691215703781,0.00017717780624641074
11.752624677710488,39.386440565415846,23.852361333592757,2.283728162981903e-05
64.92103021160635,65.12329770414921,21.12755429157425,0.019781634404952765
74.60448792654233,10.659303030799073,14.961742995826562,1.772038737356058e-05
58.336876509715964,65.7845304603036,13.665056668374786,0.1922953450996394
96.21725484745419,99.94137257706666,14.895851515790017,7.462124806918012e-11
37.48705795237041,4.821203886055603,4.831490587738398,6.045252958682507e-06
28.571208628186074,97.71741842213173,9.483305838343647,1.0081429400998858e-06
86.85991281894603,40.690796072287064,0.9470287893815836,6.315391564698434e-05
22.359583851945263,87.07534503372591,11.413104899683841,2.255039471420624e-05
96.32225394406113,78.23854840582734,13.032590014983917,3.978626564902434e-07
1.2154474689816341,56.70162609866678,5.46599366647703,2.3104076770732486e-06
96.98788267076391,73.84492092513266,23.13669233197233,7.829945604966783e-08
4.315991195057611,87.8515561301348,21.82691066249381,3.2971470483915595e-09
89.11431136980711,40.4140321651033,17.33143765094174,0.00017036195882113767
52.77011090862999,32.70331615632387,12.801279090368702,0.21286760149085102
99.29647961193004,66.75933855635847,20.879259831544438,2.68097059951771e-07
7.379656473539886,80.78459419412586,3.13565625176311,2.0660513788986093e-07
55.38542844013208,76.22851347766158,18.97223506259724,0.010494226512256144
96.9302535619099,79.78136488586345,2.995699535204359,3.8660767668005645e-08
52.30978441701488,43.5583314812933,19.061055901185732,0.2919066570126728
62.93986381352625,81.78342161750216,6.618421638032567,0.0015533249143674952
69.57486889846172,12.020905537060845,21.050173944436533,2.1103988401541448e-05
45.454106476777326,54.448909796084955,22.65701025180955,0.08427019108779328
62.75580800840635,0.575866049812157,3.5711032657227753,5.311590791366345e-07
58.43143119231002,32.45858299002703,11.104214521569444,0.14808033538787013
90.11580104909889,36.646153487139784,23.543697075904443,9.137238093616609e-06
4.5446380341457875,39.61726916092554,11.601778463355519,1.896099158984636e-05
28.096318959223034,69.54672066898621,20.725140540349084,0.0029328248458033155
95.04114840765587,38.85581012703457,14.129556531151676,1.9304152892690614e-05
89.02637838909163,44.86936226225306,9.007917790070444,0.000361243111279372
45.56567527857129,23.754413087432745,6.858805332620885,0.017058477363320647
62.013259780153675,37.325179162934006,4.8773541860660945,0.07890670002504999
27.738118298113267,22.726962726315147,18.28315659306473,0.0009241734101001361
18.81211597237613,7.319592376844364,9.276972163752669,7.376442778108195e-07
46.36984049399822,60.34485933813779,12.270611092818028,0.5474766475403489
35.33522280260528,66.82127985550163,11.815811520028365,0.08284911318288762
58.365611185087204,61.94903460096145,13.854696701595149,0.32219046919623584
7.773463696498483,46.34940438005724,20.773851494989252,2.6946814068518263e-05
97.43948076661665,37.978578017922985,23.537744246002305,4.3956270561341127e-07
98.62107444796028,86.33336495718252,9.782021005771607,9.0635943852357e-09
69.81617140197451,51.908178513621806,19.860454130551275,0.040061329798269735
53.60963663441204,47.9181877629731,18.348667071713223,0.40945487960981747
30.952761628632775,2.5642065806435688,13.764694834933758,1.9906648257963033e-06
81.37950197069486,34.12478276261564,22.945131446686396,0.00018793838672799925
68.47311725538793,38.019561878585705,4.811388372681667,0.0315097727218014
16.26169393448913,39.88227808969005,2.622341047430914,0.000348449337019972
91.09271844938425,58.017236922733225,20.49508720693013,3.688269377783435e-05
82.2537242923169,53.360254672687844,10.53959559920996,0.004988470988879972
94.9799913291924,60.79050927934446,20.32725250096945,5.643330025099923e-06
72.571950838836,76.48832615421283,21.43416492468996,0.00039536890502486934
61.34151959357899,81.29857387160935,1.4989822468577145,0.0004322175785428954
41.82430362906189,71.81230762264944,21.203154311665457,0.012191029792868993
93.27284833540132,95.55236959549347,10.759657328866133,2.5979117363871386e-09
86.60638895004084,1.823258267636163,12.250379736101573,1.1210841006581382e-08
4.521867010618941,19.57779856835461,15.038220266237046,2.6238046017107336e-07
2.6366974497252005,0.756287497814212,22.23318256152208,8.98478293949002e-12
37.64633668780496,64.7474714154603,0.4587862663143367,0.010949112887554053
81.0553330781833,89.8030548949987,11.44424323962761,2.9030119125774397e-06
98.72761293149445,24.34822965762993,16.505329018333455,1.7335441268915296e-07
15.041689110352818,92.70345447963066,17.344966984757484,1.374898054021197e-07
59.41307153521351,6.026739028956085,16.62077835689059,2.6501748838522908e-05
38.08908566310215,93.44360268055144,3.2264431057949245,8.414211111979985e-06
96.99143978146031,35.16226872396344,7.18549412092035,3.353997137687504e-06
84.21189231357087,10.142082844921651,8.609172610008322,8.106010026281578e-07
83.83287047111378,48.58717591863256,19.30649298430812,0.001112669967748226
46.86931597949703,25.677656772050796,6.6902369379492725,0.028134477760797395
41.48195023376652,28.487290196192284,5.056919132812876,0.026228813694367196
27.340707193070624,30.728996492628657,22.978752456914307,0.0010757515518620695
5.6375496650927115,80.30258978326634,0.2127188427232536,3.3551989421822806e-08
86.47223762550531,53.91612766752545,23.947700536367478,6.890706614081625e-05
81.29010091300776,31.130769915600364,16.243711172577495,0.0008798377997503329
99.97176732861305,61.03337833109184,19.88326318677881,5.93349873429317e-07
99.66368370739053,71.61506742231936,7.070865512308636,2.6213913323666246e-07
55.543170560262745,27.262400073353376,0.34356666400943947,0.004270284980734161
76.89874151805105,41.354910152535155,17.70886844547672,0.00962662148345541
94.47657298824281,12.188609333694755,20.01947032801622,1.0997782984435107e-08
84.96473906774115,18.11493495346803,17.771427166884457,7.052423887949275e-06
24.734810174319765,68.11178539649828,3.4284068952201263,0.0018339611236236392
45.05441353100935,18.143834769562694,18.08227013416726,0.002641916592389593
12.915941515149498,52.516338366706016,18.454146770583385,0.00043467280898616635
95.40510272587224,70.90462617224327,15.804972376081317,2.8089774422646307e-06
60.617463445088006,10.687692309474384,18.38678238709407,0.00011091348055836879
22.864280550346272,56.73122196289035,20.30211455226557,0.005057994507700356
67.17006844058567,25.656278370136377,14.726498741699002,0.010195426179813907
61.81282404578958,96.29268752375798,2.1265131352722975,1.5730510068993546e-06
35.81627180328405,48.35456467199247,11.70306743201306,0.36016558538306465
11.355759219962902,80.59925497751581,1.8635840321185215,6.784891650999913e-07
67.15731955927996,55.022654215626176,9.78103274477834,0.18332776497659914
52.03077009037933,4.341253285481916,9.770555739015062,2.6360751812965183e-05
77.23183917356393,63.31513755940223,1.584236259365798,0.001154494779538572
52.01635011119934,95.14033422066571,8.371692815267505,2.8322062393607307e-05
85.21815003185401,60.16118201463312,2.663954370991556,0.0002115448515821949
55.190683877448556,81.91888594267903,19.39764504022133,0.0017940216677695708
56.093797153538624,88.42064633484078,22.744512623147298,5.1429780153732345e-05
87.66536026583451,22.807977194893247,1.7355954061905265,2.504084462534699e-06
40.3482866212397,21.204483990822666,22.922764975000835,0.0009138697876977767
13.401522845064074,61.09809888509917,12.541838384081885,0.0006628555788415701
2.8782676313338973,41.10284698067047,7.189576270892974,6.389283044752542e-06
75.5137255673619,83.98613028667204,1.8446898066279243,1.5223919382309702e-05
62.03095513534647,90.00231233980112,12.014982433690028,0.00016252985346044683
70.40797680992236,35.34213793027181,19.06837306777797,0.01567120783468957
21.296416150891073,23.687055897448207,16.970075454400757,0.00031110914273421616
13.637147558676975,78.05255152438619,1.2054242751353703,2.5575245880127744e-06
1.4544665667881929,27.48060355481361,1.7496440488296843,7.391455261061606e-08
35.058755880659696,82.26143185136785,9.66895878318329,0.0016142596188550747
58.991768685463306,42.37382536487628,7.086971857150639,0.3079526846918016
39.22440450997323,66.75498992914704,5.577223753345148,0.06024975200349573
43.747492202372904,9.553531383466819,6.744107973809126,0.00013268383948675803
90.41586944937484,62.3859324676573,19.28358583912523,4.561465161390948e-05
34.82554670233004,45.17676787372291,22.301473287164495,0.033707158598590865
51.39894891598108,58.66084631754741,9.722464668661594,0.6134969853253276
78.3653012741143,16.801420774486342,21.74666405117993,1.082525099920338e-05
39.65427823212701,73.68737449441821,7.715896829949167,0.024533907316942636
62.20867002278735,86.27970775432286,11.434487672250999,0.0006537796589610154
86.23637087467452,21.673980009077564,5.424695947583993,1.0736274808991473e-05
94.9520623657642,9.571455552016172,15.371425012220255,9.208805253404713e-09
14.707348092903793,2.3638586046336396,23.495546764195414,1.6593860763122951e-09
92.65876251614944,64.1971500443266,14.483834305041087,3.607053968334316e-05
49.21162930795382,60.70940360887808,8.587538018725173,0.445097372786205
25.824438829895836,54.669741271407005,15.547618703772681,0.03751429658086093
45.913575623826134,23.194709611597542,2.9500962831693016,0.0049215712947091655
98.0032575285477,39.09059959055147,21.32781792636957,9.595489577406061e-07
49.26180939928696,59.4476335186173,12.074014818716073,0.638187541784165
32.875161028750824,49.67668588591694,10.78439380895141,0.22393998720807143
63.34008543167258,98.77855202148874,14.06075492288446,2.5703735993358304e-06
24.014561877819308,13.643975255673313,14.994812706945659,3.851758333031089e-05
7.586332810866391,69.51445540475937,1.7226193494363127,2.2352516713522862e-06
12.887972191064922,40.431876810429216,16.38281330936166,0.00044013062619117395
12.804583895777244,42.819961492561475,5.80636032757271,0.0003553230762149062
15.190269351229436,71.75977656581762,17.134863180158156,0.00012930164915912686
13.882717264941014,69.24361513243696,19.740835065220722,6.963211129877083e-05
64.08747448032146,99.12559937021884,19.295004181260488,7.351075854547638e-07
18.188008439914483,12.839428945412523,13.260023217789339,6.1669423459582255e-06
34.56672833238632,10.410964938416633,12.484077415458028,0.00011951430624207752
89.67884099060119,72.43388171287411,3.429023072145881,7.083940301714067e-06
47.39616402628724,57.83869170064091,18.608307609675254,0.2968525179532713
66.75577385210272,27.416066655980586,6.513825130721145,0.01050491215135339
17.231987120162984,7.9419368988986605,11.920690147630717,6.718420957476418e-07
19.228901880867078,8.565824959643054,6.822578230260401,9.61885296981408e-07
4.086861626647886,89.41908746641182,3.2118807119926354,2.3851007453032124e-09
16.893506307216455,19.18673247187429,15.109384725401679,2.980446422805942e-05
27.85903390319586,32.33715621155208,1.303968835749692,0.0018379695808768705
17.70104842767468,22.6656402226988,17.9674856190288,6.351940057902587e-05
8.87025337570556,35.49963058319373,7.6220830862668,5.0531837080693594e-05
12.06358711006008,6.942384274609337,0.0032326321076476816,3.9715991287324515e-09
46.077876803272574,51.90597909082704,12.267099341693516,0.9080045635189481
20.63337184057925,6.76125635922149,1.124445804662475,1.0970262000927846e-07
36.42698610480755,80.03565078223616,6.628069387701587,0.00245657324343495
50.34172708548569,23.3712081910433,16.967435698937187,0.017605305007243235
69.03948286293652,54.00119146045106,1.5045509189247808,0.016644986280033088
3.9312139841098936,88.00790875614582,20.144123816544056,4.7686341262424815e-09
79.94103989090426,65.08773690471942,0.0916781438059946,0.00021247399323032144
62.79003894909078,53.29577865513353,5.923772860845654,0.19975833036580184
8.17590319488719,32.43337531153756,17.781697347649715,1.7422164039833742e-05
87.35786241067773,33.300191305819794,7.590483593503363,0.0001566738706097562
92.08724005318132,66.94869551981901,2.4454173135843247,5.456127429662501e-06
6.107795985486375,99.41393612211675,8.64561405121027,2.610389767547341e-10
27.687764814720374,66.18391898493786,6.489438873228613,0.01220266337053067
80.62012797930613,55.77834173700249,20.22508565185332,0.0020133645857513412
74.82596903836584,73.06505102392461,7.520350022043435,0.0021485289815233225
18.45210193563773,46.52056122837182,18.934379322624174,0.0024822393462686793
20.93493233367103,6.0142342600785215,21.404931475457634,1.5705285188475427e-07
37.0472102791382,56.22968158779098,10.41161806983671,0.33845043785829754
48.45229851910213,95.76252845053801,21.838635452505407,4.041086762092998e-06
61.825477153029595,17.530294235765965,9.055633295116628,0.0021463116590688426
36.891363956977244,69.00048908206658,23.137881995762598,0.0058265924882031075
46.25347161331479,20.093368865905646,2.1429485886137503,0.001525482456176941
74.74709381337566,53.582768447308126,16.488462396077825,0.029328360281720468
3.66832028905979,9.667644964671961,11.851536970966288,6.39942392030629e-09
25.243694434402077,45.037093625818514,9.30357133093553,0.03568802516463077
71.33495858845524,75.61633288952461,15.185085089966421,0.003151804339336846
89.52068376871993,34.757152423898205,16.892570199223947,7.869829227394246e-05
51.167744211566614,66.4911724487218,0.1047184716074181,0.015047153691225092
53.211348526531566,79.54499607897291,4.006874129932769,0.00336644163602488
10.717201133977605,92.71778194794527,17.113105215223648,2.8807997270673946e-08
44.741236682345466,23.464208185545353,15.993249925876956,0.018724263296455844
53.261726645502314,39.931591580930814,23.185140123088253,0.046784387343959954
24.247050363472965,15.241601333041743,18.264906966018792,3.9398427634090104e-05
26.924323094938096,99.24835021583752,22.818544985552112,3.6343421348451886e-08
37.728416310462265,92.70009679242953,16.860972036835367,3.224875421313134e-05
2.007119777772637,53.99571302805596,7.153253007346636,5.750461178848811e-06
32.20791655831783,84.20332943764213,2.5287581340205554,9.842474236094605e-05
21.144800699654464,52.09579772720422,18.763772720278453,0.006096460621932707
32.74973521779147,62.35856880027597,15.459581315421982,0.08283510394092665
11.976213181925122,8.912443211601662,1.1564642974391095,1.4904185389945618e-08
89.0527280739895,75.52704204968079,8.64121118162348,1.4971585165424511e-05
59.359245355404866,12.771348363523483,22.96319557162287,5.7044834776182307e-05
67.91023191444896,82.60676302525283,12.009627497044828,0.0009879397292646803
78.91712386073382,78.20280876703859,10.385499264472912,0.00027188683497229193
49.84421989290573,70.87446977429764,10.984790523823055,0.1108639190124987
8.69202880874237,3.6160380524762115,5.013185376123929,1.5806753868613977e-09
53.71065418185478,30.31283559453286,8.848972100755084,0.110212327870974
58.68411180208791,26.311256991084285,8.87551814369224,0.034112225049980544
74.54394741843299,36.01364074715191,1.2565204844993376,0.0018389416884737391
43.16595462296794,8.764274676383854,18.42162308443004,7.047933887718872e-05
12.758030279556376,93.69578230310628,9.996106365693095,6.416934114029398e-08
28.377590579872447,55.38022407123763,19.73231728359416,0.02526963978268296
36.30822963986351,30.552431065802356,20.408352026877488,0.014373482811979487
64.59172413316013,39.698151707428345,5.0878573127677935,0.0780202564695933
57.077830466891186,44.72025405048357,15.776483572083086,0.509108780840154
35.60967258978462,60.05943333606173,11.334763299911561,0.2122014101543285
98.65152487929797,51.567942769649775,21.12376171011564,1.354596216955523e-06
60.577481935688716,91.93919732144174,5.177776300234899,3.414987253268235e-05
23.72267917359945,49.696348290583025,16.267516807441062,0.02198965936673127
10.178247262040374,99.21580148233127,14.58605093406534,1.7326934666641747e-09
15.285913918433202,85.14249577450957,7.087235461723987,3.10337907206587e-06
24.595772838450813,20.85105143573358,3.2784216876281427,0.0001238426975812316
16.06813732595557,93.05952146439162,15.639354251454638,2.2835453133118366e-07
18.656702405130577,11.636639788547608,17.726338995175936,2.4325566851150933e-06
28.50951686938471,81.74497084911916,7.5750562503204,0.0004352792665697521
17.33735952947548,38.06232934765801,15.475982496535531,0.0018576753181855437
89.67654246264252,87.79743204450695,9.483141782676078,2.6565670072913624e-07
8.023374566164222,86.80566901074504,17.116965198782825,1.0110174735709052e-07
52.451138957025464,80.59254001176211,4.781166597457275,0.003177091743654852
41.03968269896615,79.00304363070614,21.365160063268185,0.0017268720162642152
98.23786169086064,30.46791390980408,6.8978303151739135,7.810621228547788e-07
11.203890216805235,8.091928305125219,8.82686370614767,6.76783896005544e-08
39.785559904574164,40.29801787651615,1.3942068499283948,0.03908669368865069
96.94704332753689,17.35245149865087,2.6762930957106335,1.3946089222301089e-08
86.55071258939803,69.49510889024617,12.380685665095875,0.00018726838826824105
81.707207094928,34.609972653778556,6.422224241471316,0.001077371214496199
25.790282704493983,97.56102008599149,20.051525417812666,1.787377039524249e-07
17.088758739006582,64.0972077345332,0.35264132771889223,0.00010916777738773153
66.8643219924431,82.24805636343609,9.09825716812647,0.0011248397401565611
92.93759891275857,13.252467274184843,8.096293122458224,8.548957853995678e-08
55.67628930139298,86.20144822726226,0.46386314202242485,8.477798649880164e-05
57.161268946989985,92.27571905133944,2.9848415760122453,2.0034343153068394e-05
27.997909366028416,48.70619188189359,9.927424198047246,0.08088385294104772
76.94929331919369,60.625293775097745,11.82875002673872,0.015049764705098658
18.704374855752338,76.48098009029954,9.70295393411686,0.00020168152550286054
32.367923640424365,17.483862726041256,12.742504281890252,0.0010573677097664746
42.54364386164168,50.25660764634424,14.283160197736358,0.6821048584927787
50.7610378684455,39.86630277723131,0.23817170706805513,0.03750927339483591
24.240973241508023,14.63739921622491,11.138283826884093,6.874847084311133e-05
11.483682473920354,36.753442229153144,23.12398178130212,2.1026028062683726e-05
61.06200424416326,6.817230938549357,12.45677472310917,4.821838049559355e-05
28.863055324025577,2.5811906949486985,16.261014419014877,9.76106235799939e-07
58.123822142261226,13.516628915482276,7.484732590005197,0.0006155975997037828
15.436271527420232,96.31151115891738,18.5757930756663,2.360380166888701e-08
48.114010185481746,54.952953589501696,18.55011556502676,0.3684229012278598
53.258943255158584,96.582216115322,12.511105143699336,1.8314042985680006e-05
5.182353682242691,43.2497878330132,23.424331758701125,2.5453534143030015e-06
33.660427819392055,31.181613308525957,3.013205154303681,0.008907905700755104
13.441467693897424,50.61418628402441,0.40674395734994384,8.502295668870558e-05
6.337497047276774,43.95116886329101,18.483797082170305,2.6041865506896906e-05
98.99602323899452,10.566468426174392,19.37173289675718,8.679235804306031e-10
32.235384497472296,64.08263146902063,2.88497349889383,0.014535163046251591
80.98744458546349,21.60381825095996,6.373987991006546,7.745104320324159e-05
25.464065476376383,61.95879548978296,0.4212567207990938,0.0016508412358532492
68.15027222239293,65.02010923981534,7.039406658733553,0.03810803820612788
76.02278598896865,15.20248531286481,18.555404974048116,3.3642218302769105e-05
59.56387406078443,6.134962711066816,12.431052665101895,4.183563602922859e-05
47.15761885501584,78.07615860684398,8.354294236038914,0.014298902773332631
41.18409141472685,45.98004237693202,8.921743077751927,0.5174125099866157
34.88682665429953,5.816379550547579,0.0324870171712357,1.049256265989565e-06
92.95291442478259,99.48663171697672,7.1952126615656615,2.988385936913937e-10
83.06194077877291,5.778056099636664,15.51500979931033,1.8731631412493988e-07
96.50269106665125,69.50352288585532,23.38066665159257,2.2552611493359494e-07
12.429722348554472,98.36789252634136,20.329459847613588,1.7874211069754062e-09
73.08674752036443,23.918010421592562,0.566279151492699,0.0001697914046137063
93.83404568210378,14.224936868719617,21.565454512196144,1.793786643797787e-08
18.123306616566015,12.138493942242889,18.79676191916702,1.9031397002056497e-06
6.6496267366777495,30.327514756759555,18.72902696570353,4.848196554119234e-06
74.11206492900591,10.10458110106467,10.991898216085715,1.8727715754761282e-05
57.44731131799119,69.2161341694132,9.552127030908068,0.10609154421854426
84.1828776758272,6.229179813006269,7.269977491996623,1.2825679283310473e-07
13.97723766262895,50.94221281497897,1.5766766149047786,0.00017242481616475597
79.52673118598902,99.66968538529768,5.4776487238487785,2.3996716525133327e-08
20.162732004774455,81.39702695060188,5.918487239472591,4.027114852455412e-05
16.36559428657045,61.52194382310109,11.617849673044837,0.0017944387801288083
16.426579793099293,30.625362078661166,17.938665758320656,0.00026972416975679564
81.45747202313821,62.389583629163845,11.371435881550719,0.003268992322001449
66.51972206962002,52.70414639116516,1.3882667867318546,0.025906904556703032
52.30654247691193,42.60833838903715,22.986955223716894,0.06626803003947296
35.88304841235025,13.071037674019948,22.625383658258695,4.2197125273981106e-05
87.72005408131082,88.66042152404667,18.8445490355618,1.8111921219445867e-07
39.244510742263536,44.97846488213225,23.791869637541293,0.030640101803654604
81.65994394715771,19.462251182076507,13.067575987206311,6.14476393922364e-05
43.91349085702184,36.77593508772896,23.106440406076945,0.02940272853495771
37.69444294249076,41.4129752528927,1.8145209748020186,0.04073374958705328
46.26797856696064,82.75378955668742,8.776337958272912,0.0035474242199745928
30.13778741641421,73.3614380561402,5.40915043216238,0.0038100714210018323
74.76093801762511,76.93048936413398,4.699994019222481,0.00042749058598836296
50.27203900924791,1.1031264428647214,3.379270773424226,1.4539440024043377e-06
23.22126951468173,41.615399817976154,14.93792739758392,0.016413715528420646
89.95745732745685,48.13441516353236,18.75172453793532,0.00013474725775275827
38.38912213732114,1.9192276823056686,13.879161586088657,4.535883286439269e-06
54.35528611139886,25.98132087450342,3.527105030117032,0.01209302663531038
90.6472110964547,76.0289823122135,19.4669704784033,2.863026106942819e-06
62.42379959139921,13.710970572899905,15.262912971929484,0.000516128761155605
11.689804070836407,53.531013145259166,9.315976947047893,0.0005288660219650729
93.98321236134751,21.52018720172375,16.17912709286551,7.695840996027297e-07
62.770805307141785,1.2120774643893273,6.237719501827988,1.5444359449317165e-06
33.49056146570861,24.12014575995415,8.284613003861052,0.006821171200177618
13.927207266338726,97.58737549100537,22.019660235167766,2.4263076198591607e-09
79.4025189270296,80.15371118829896,6.972108136114089,8.48720253343215e-05
62.00727559285135,95.95766443210334,11.279718435790478,1.2474998373377201e-05
53.34610919763215,48.785404392636245,21.363387297504353,0.16254199498533006
89.38925830509577,10.973619867750351,16.98531240642066,1.2816762287233268e-07
78.85972112245308,54.79594889736929,1.492877427952866,0.0015224785603669523
15.167487973275119,45.43773345599609,3.535273062695288,0.0004986416317764818
31.172206779554823,84.4357082739616,0.18819817852600362,2.7760615377286934e-05
24.848913981446575,9.808258078424458,15.142122965499922,1.0786394703922852e-05
74.3946292572677,48.82411370217782,10.744162209850039,0.04909756701552055
3.353243473577938,15.004866469398426,3.222596421654613,8.842001270592691e-09
56.98896848713165,32.467592689006,22.99041890536249,0.01504151720628912
76.24586857406905,73.73570773877996,12.711833374694876,0.0018898055658636665
87.67656367617495,47.601812936876655,5.80543905870934,0.00037303979191235625
34.20817487159075,37.58882851457693,12.014485707712982,0.13304088535071606
82.12573046720128,39.44762785700353,16.310887985642587,0.0022682408951303595
11.063173695520723,45.94467684059866,1.8297412313655474,5.939540381854707e-05
84.64522917345182,78.50165438370568,6.592891561149408,2.3750250769209242e-05
12.748866233198243,89.20846889402344,19.367171781215845,1.503560933284826e-07
39.72872905603673,95.53346865039283,11.03195688966387,1.822491361547458e-05
79.72953657795536,78.6903386255295,13.117851408775078,0.00019163918219139564
14.991742734877377,31.540689574801274,10.387584053027261,0.0003768667827777395
22.92513952326415,68.81347060865421,1.0535986234321228,0.0003970502175030438
72.22525683930662,43.760312405539196,3.9779947156837423,0.019225262878879712
72.00365365460743,25.467062204605117,10.692999329805382,0.004235329837681033
64.11476328852973,84.08715794259226,5.020451169790268,0.0004179760457340637
69.39484444671,3.8426348962324997,1.1994966878322897,3.496514072394539e-07
54.27244433475962,90.17619921354235,20.24759193724377,7.319676920863781e-05
25.179905890695274,46.147746462473414,23.54862069993878,0.0029622758258543596
34.56959935039195,63.72014768082804,19.035428975921747,0.04408464247133189
18.159771680142565,65.93539222057827,20.49083812091201,0.00041777357310971607
90.84505613336283,89.51177407065364,5.807451127609089,4.509710719653384e-08
58.339179476612046,63.66696821672073,23.055047412316796,0.024090899144324735
40.08514167636399,61.39335847600618,4.726216906882281,0.11094468065043311
46.20058036441327,6.665204056068996,22.834315448683974,7.434728685987728e-06
94.72833396118153,51.84080219452041,23.875663055182827,2.6506927996167413e-06
15.33514031160802,15.016900081704165,17.08134733790517,3.2276678773240044e-06
58.62298320167972,73.74337687214856,23.547449563003724,0.0028586930013194322
50.5888678884466,51.22219208126745,13.668954709610489,0.9371510621239968
61.14542354346478,68.02277792083532,6.229002796226168,0.054405331508357316
1.8110183820840509,4.167290060238427,10.4879012559749,2.37749123488358e-10
87.21239089441515,8.479201604580322,14.245462449090862,1.605700229326237e-07
93.21182824836124,71.63233880626822,1.7539574886483598,1.040583799260371e-06
56.51331835892089,7.208433599867337,14.936238350813905,7.190697644121482e-05
69.66508238768922,7.12567277652586,23.548268082295067,1.023925369949285e-06
92.24993811772957,1.210847523488745,4.562583594809463,2.981284722704037e-10
70.72386343133986,95.65013982994802,19.0222827909212,1.2997767721311805e-06
15.253904291426135,73.75083594590069,21.789571050710865,2.0943527635735023e-05
57.62883601668132,35.32514085020642,22.6488382276853,0.02636525426088295
60.67150463828559,29.65355812876552,23.043254505730733,0.006230099707546748
42.4130671302386,34.97032297458495,12.515031329315327,0.24109388556423347
73.64442356247228,77.46535311811819,23.455389791796087,0.00010189771487463974
93.43670147690149,66.13706110704143,18.175444971226533,1.0145489924068273e-05
92.55685129067763,18.519556786746794,3.8801144696870855,2.201029811663437e-07
45.08393714041321,17.410933533408436,11.445602555231279,0.004351556131155667
11.323804584075525,9.839564971339732,17.239948208928094,1.0257369589672645e-07
98.48411989623345,66.03027197013381,5.936167579658,1.04259393670289e-06
83.88980864459342,76.43726622217359,15.374764405173297,7.751635805851596e-05
12.466268120326685,26.5046428325004,15.998411497118862,4.011300041877544e-05
92.08418826173724,2.094496103091281,3.9047938514055813,3.9953159076345443e-10
86.98963620621282,8.217166747642734,13.56204749886615,1.647244837626964e-07
51.88380571260721,96.78600348450304,18.519045863486586,7.412421310516203e-06
59.127543574492925,29.544477747742025,11.973495948862606,0.08137263345203175
39.90027038701302,76.92231478381336,0.2904748026265782,0.001031916563173486
5.476163882203133,62.46635688542638,0.21692325790301226,1.4187588279404265e-06
33.519724164590095,38.19396396528959,8.568704255280291,0.10122741070095659
80.28534485980114,20.56872621955551,22.22865764236277,1.6543476692805035e-05
0.4632023004602859,12.138641815940643,5.4882427104866105,1.5501044684531707e-09
33.34991716911442,61.50129680388666,15.22472853292049,0.10482081457565995
39.81686935909433,77.4633780637788,5.329820896639694,0.005630865002180502
53.73956029379229,64.39042535411306,7.720079751829167,0.22953549206218846
91.98556164127605,53.030213324915835,20.353010150435615,3.5170479875884e-05
34.634599436596126,4.195122343163627,17.492674614478723,4.670234625361296e-06
34.69532018962277,96.84887775943838,2.289582655517055,8.060686235642031e-07
73.75012481097484,79.87141916545745,10.288848503674407,0.0006487835912891476
45.221794088980715,29.282203670096475,0.7000743274863472,0.008114861976803544
22.460482293998197,97.99703293588506,11.541363518472217,2.232646541885262e-07
45.24395161326934,60.18815896363221,15.898416280825634,0.39217547988205265
14.085702037979985,58.24226582072465,2.8440629663556374,0.0002106142326524249
17.63869865062233,74.8073179429532,6.933238533819976,0.0001467579865596358
49.83677727394797,81.17697880901376,9.548079012051765,0.006871371358248735
41.89254495045479,65.64786073315027,22.068744591745194,0.027861089153166246
91.48459010681,12.809574636620003,23.838120370151138,1.1022616238792563e-08
36.23938991166331,33.82675059944984,1.0778711758947805,0.009652871029353688
58.05883502780434,92.80836403260497,18.26419016388941,3.457755333559993e-05
63.22642879195304,22.461561184385193,8.921377593656239,0.0077809372930233755
1.3094456588333636,37.21670238375133,9.41899646950752,2.749351521473391e-06
66.35373720167107,43.2076882944196,18.102359360328546,0.0989958955213601
17.803596686975144,43.940498969445215,22.04223437148981,0.0006213853614769496
96.10703174694551,61.29395824945255,22.822286268061163,1.2287699266241688e-06
14.866272775311295,94.30758377447076,13.8509420649197,1.0638262484458487e-07
41.462412372702374,24.069271183250496,8.570907823212067,0.019031896190912344
8.534966807864386,12.150137630091805,18.901178060610704,5.519847738137226e-08
99.68742518459473,19.747048985993732,6.024033198295206,2.1946680982292027e-08
50.21950103312426,88.69249002092695,13.537776692004426,0.0005350876639158709
59.53850173200438,64.5810812655206,8.605883076596957,0.1740599803330174
6.7076477388427485,28.590678923916013,15.759145768989026,6.4879918036245695e-06
74.99604703991778,81.59469389686173,5.769573909444166,0.00013755325101963442
20.990559309558577,86.1369996363436,4.5982306976358185,7.261851489385074e-06
89.80542894407138,84.6514338690278,22.037738080210488,1.1936331492952017e-07
20.513964048200716,91.89265336395545,2.4432883907888856,3.219986945028343e-07
19.068772066366655,25.224102017336158,12.14298978563836,0.00038845282145590315
3.654966784809488,75.50419287462783,5.300466791112214,3.41709562255904e-07
47.206694510999924,46.053949727414,0.9343191198160188,0.0768534276335362
56.48411332626164,84.19985528900615,0.8644516389942334,0.0001958076255360326
6.570863942835237,72.84906771616131,4.205322530539856,1.749835616436979e-06
77.55276166950105,77.64474464997247,20.802488508144005,0.00010447016908505895
45.32888347480276,65.61618376810715,6.77948985544864,0.1535856098171578
52.439026932758004,17.742876946970686,22.811020093807098,0.0005157350932115416
44.07627469382282,54.502691889693835,13.958935031740644,0.7021752178987403
40.0763060875326,98.46697395245081,10.478740554450386,4.625523839158147e-06
55.96403313082179,93.73880664971189,13.92213203206691,5.4508368228437414e-05
15.52402459307125,4.317373579701167,12.400761245430427,7.690550503272905e-08
18.19281304952711,16.481481572943714,18.210630090175805,1.0677416882975768e-05
86.17856210135173,13.172877345456191,6.779905583348454,9.463869551358581e-07
94.61154621336327,72.59799099852955,8.473209398407256,2.8934491136189544e-06
37.330931627975296,81.77853298569451,21.458263260798017,0.00048031081186330875
27.074467314355378,21.35113663106719,22.714956315609733,0.00012001511279301566
64.39995432390158,50.5852692951829,21.42139745967539,0.059979003165037646
40.87341710980964,84.07030280112,10.066751854975525,0.0018452339472283226
2.538635566034486,73.28015447662506,18.72877207216516,3.455042116048959e-07
15.615259736619036,54.223720549184826,11.432057599226372,0.002460964180091652
71.59722288473975,59.03476904587729,11.940956451506452,0.06454419067426996
65.89239419101514,50.83605469162799,4.912322617374815,0.10320486181296917
2.709599250348349,29.754845131882057,14.187127278204395,1.630030212396209e-06
22.197216193294945,56.50219928590161,4.46726154608035,0.00545506967505491
23.10747965880714,68.88853020500906,7.9575527776126505,0.003257651607625029
67.18927435987284,87.33229158608077,20.520724838878444,5.027961778339785e-05
1.9710537754364155,63.629135397924806,4.969819421060525,1.43961647718962e-06
10.410858198457385,76.1121537043158,1.7077988441623875,1.5701935107464986e-06
79.99160853731894,16.0071634954573,1.6561822227075913,4.057518794218341e-06
17.85446620543336,46.15574744197899,22.57882849207459,0.0005649347339449133
65.27461078518748,0.9331619827093296,12.16609051108403,1.8415676609616493e-06
23.81827810467265,24.667886452162303,9.82588972360844,0.001193902648921613
9.944139275934516,72.64617151130048,19.461085944190042,8.294139460498085e-06
24.317219099945408,99.18099513493634,20.059822269852383,5.638333016692614e-08
72.22669318556592,9.917809958721591,7.9725847947745105,1.984733717751997e-05
85.56964681062857,40.14943158612883,16.646833379371085,0.0007151426171188159
83.02198645669915,80.00709686991596,18.506947580445278,2.0375148778984355e-05
39.71835296184548,20.403563462889885,15.711616484782908,0.005606500526445904
66.80851365706462,55.50849493022862,3.638281795202385,0.051678426574594954
20.498429541582098,73.30712960296748,21.021194004409367,0.00016734323179841082
29.314773026101328,61.5985450260179,12.938269265664209,0.05903461615059581
89.63358185211197,18.802473461541613,6.779338232880089,1.7330311921457858e-06
1.3001923510736035,35.538456868573945,10.205476450504655,2.332794228229713e-06
8.550853085446807,78.37917844853972,0.9017061695737771,2.8224502346711615e-07
20.78862551460273,55.42265141320166,3.0688032293380214,0.002456854874066101
2.6532203873819715,0.5229613542912737,18.373122012380662,2.9084720514797666e-11
18.143543508979732,76.09907600280938,0.00027923412878738674,1.1654200196955695e-05
58.304156096969216,3.531135494023907,9.997579883575012,1.337978447700282e-05
42.1424550592498,74.57337827312321,12.540244346054124,0.03565745846788911
89.26717110769748,20.24805601652374,1.311226080023335,5.461117312033695e-07
81.7443561738441,95.80734801193802,23.35387591133599,1.366679910846755e-08
34.1817351697876,36.79407513020845,5.427007949992126,0.0504307455413293
25.94234334312925,32.69316163380791,7.300769271270741,0.007961459998055241
37.96924081672669,14.888805033244468,7.294620294120656,0.0006552538395361417
59.02949425148078,30.560421549021488,5.529999890816398,0.04352747582137023
26.806364082287626,87.66507618282006,0.035371730071473984,3.2202223517399552e-06
62.4148907849134,99.63343376272474,17.50427505811191,1.1292270569266575e-06
40.941165219124045,36.83095305068483,23.20429199518285,0.02263733809273889
55.204718085198024,44.861063095454256,5.383043598841081,0.3188064645302688
43.61265291353167,72.2070938202737,15.913132603282138,0.0509954824728614
29.44657595419177,88.61957804650746,17.805511847009164,3.558257171307522e-05
94.84533069621567,59.304433418678414,20.362209098172592,6.879864145490113e-06
76.36057941597608,39.15256981778293,10.143100728326619,0.016055626314837056
14.011317576645254,41.262184084862376,7.270341735370302,0.000672124616318398
86.84679758979128,69.56181464968068,7.807083216552747,0.00011699651053296783
48.743119824951364,0.32182636042786816,17.10291199436431,2.578513117691355e-06
89.45522268940914,61.95893374598407,19.602707196135263,6.412497763394076e-05
79.98552559473153,35.54930104413574,4.358735226158464,0.0012216525661565636
42.52135044692334,79.41973312770843,8.902584195786364,0.008236875651254156
2.24693083201174,9.299063982313216,21.6465647219796,4.3934626417333854e-10
26.867735938494608,58.82022669483905,19.36064447267374,0.01579484056399309
54.16342146608669,48.09728898861238,23.63660166629942,0.06002573426550978
63.347821982614725,64.23255259052274,18.101958232369938,0.07076948245344139
25.788768543320227,6.485359448296835,9.436684824670134,3.6166945799188774e-06
13.935607407282413,57.99837874281313,14.175308015871305,0.0009900930025739509
83.4930236799299,56.14845879595237,15.864342101935687,0.0022505206229250165
98.44021807035521,56.06600944161709,1.8829395916109748,8.625659627740458e-07
52.56901823026858,60.34876665964548,13.067927018492762,0.5536107300488999
17.16792858483035,67.64679372263622,17.02369988334263,0.0005805570868362384
27.230732651936897,80.49889996807697,4.015711296025449,0.00019982081933149864
1.8390676547466733,26.982072012821433,18.73516121821337,2.6230706945589037e-07
91.4298806560499,82.5049410180062,14.010546732338678,8.777737433239032e-07
11.775108289014113,49.82556822634536,22.85332285674227,6.367260157626417e-05
57.651647551425356,7.705827913433117,1.0181351569654007,8.729952559583343e-06
27.4055220687206,5.85509292439792,6.367827301331207,2.4221774378057008e-06
55.417800251579344,33.42383186960608,14.437293103195778,0.19409306844863028
65.14203883518643,78.48969771114676,7.117437892942337,0.003408410131930189
82.97418037072016,70.76809347409157,17.146179937709814,0.0002967220406721836
20.64212717606032,78.86149646724064,18.216126780526345,9.638518811549983e-05
1.0995828658480478,51.72690564416094,2.460383137595387,1.0245564275802785e-06
13.688563006880727,44.01989979554906,12.332507140962425,0.0011435457977752158
90.00186418481051,14.745252670628394,12.213373334185341,6.69896709625457e-07
87.38900775625153,32.81927536093116,8.862738485172986,0.000172964498267673
59.74131021703083,43.40193661738753,22.39019670167213,0.05777139189671393
60.051686043365336,8.860042967961723,19.860151676957308,3.704778573457201e-05
66.50366745462554,22.061195271121125,16.733025165831283,0.0033035098326512527
17.53712786234496,59.82252940637388,17.14383925763994,0.0018719354132464238
91.44119459249598,73.56631142391899,11.081187451514857,1.1414768632693527e-05
41.87705248920731,99.83475113929497,22.10386850631782,3.776920474123112e-07
38.31385282494975,93.31133313435576,16.67029025407885,2.7579983344218232e-05
51.89177052828376,64.25651995351916,17.495545479739594,0.19433803515270828
4.696596677505505,42.1248053294072,20.680581690896286,5.676730039110981e-06
16.628336875607943,63.617736470823274,6.577718144212584,0.0008387683082862374
73.80336164263704,78.56516180802319,19.369701692800874,0.00033576718704588865
8.279866792512646,11.833619092338733,4.685774470955809,3.913813075691326e-08
60.31521094663882,40.99048896962883,8.288206853877309,0.2971784447308704
24.534910968132095,83.98022856356172,8.054650902476226,8.899333726807478e-05
38.929561404197656,38.3832951933044,23.484611241339373,0.019733489466445205
28.869373677069987,57.18722712271865,20.556893369950245,0.019154712780041182
35.567271646494916,58.77693608621982,16.828076678166234,0.15063467233249225
71.90459051842456,18.447625313363936,17.449362278769364,0.00034542736941202466
29.7121715623175,36.22354416522884,13.489747065661707,0.04729642740842234
56.64046402968972,33.451128874193216,22.73017601060446,0.020393520834899544
47.60504021990997,2.6196708532064794,11.910210069176678,1.2964206336895805e-05
66.36711653626482,2.4191763891355245,9.132425036877468,2.696526433345314e-06
93.6829739324758,83.16970436757735,3.912848086358184,7.92864955455951e-08
73.25720972102503,27.30708099728124,18.868935654265393,0.0019833311978506526
21.494037859075675,51.80787662388154,17.626654369814194,0.00898250694971511
3.1183135061284672,29.872557358877305,9.224520924579238,1.9086811326737086e-06
26.22640442998251,94.06792451153404,0.6046419350215047,2.6783015857646286e-07
59.507793070025485,25.929675886577375,20.135935865232256,0.009346417090465893
5.1425813484250344,42.96568127389351,0.2740316028977672,2.132288083678643e-06
49.636624720123635,87.27302504846018,16.888794711097223,0.0005961260238545171
59.68428489168892,84.19335667918087,23.28617063342537,0.0001416136439735376
33.424389081696084,18.610141784627732,10.503871875556882,0.0017552598545120702
77.09122037458219,80.26433097957104,5.639361719902866,0.00011640045174184931
10.65982531337718,45.81868867378927,16.91690424104116,0.0002462452690158873
7.513778173580876,48.29688720853552,19.61107540837404,3.722732330836312e-05
72.81887562036033,13.347997241594378,13.114327585868335,8.738503857831568e-05
49.549131620619846,8.060151375712465,23.20884660614751,1.226776129514817e-05
68.84023964277361,72.79393069737652,1.2400493197910665,0.0012456219631910412
43.48273386037462,49.646115235529976,12.115094359308674,0.8079420882100398
24.640203323910683,43.68507026151796,17.242894735741203,0.018972835573600594
81.91023176741997,72.95082286523967,20.703371307580294,9.707863375843752e-05
79.94158789689793,76.55128989911097,4.302134685786961,0.0001018009610434747
69.46964708544267,15.890816766935355,19.200083562328352,0.0001585656652914559
27.21451372299627,61.02251494776413,13.264969817245087,0.039345483984181986
59.023066686908706,13.535408227768553,9.517288367759118,0.0007626677537694253
36.09738969400268,75.13750860290457,3.1611606858982455,0.0033850514652544374
9.158207332663416,65.69551562671396,20.7670982138139,1.4973233006321506e-05
91.73135754622427,95.6614621083458,3.7745569963131684,1.2683679079996225e-09
13.68186309189614,6.895801635642118,7.434908621018382,8.322682614030734e-08
95.02373538208025,5.705472115125431,6.961092767098485,1.3096296317878692e-09
44.600577295795574,28.218707469320016,20.913936820580503,0.016456121521044424
